Image,Plate
Cars0.jpg,KLO1CA2555
Cars1.jpg,PGoMN12
Cars10.jpg,TN
Cars100.jpg,Jaf Jssm
Cars101.jpg,HR 26 BC 5514
Cars104.jpg,CIGDLXB
Cars105.jpg,50412340)
Cars1052.jpg,Jp06546 
Cars107.jpg,MH 208020
Cars108.jpg,Nho1av8866
Cars109.jpg,CZi7 Kod
Cars11.jpg,[OR S16K
Cars111.jpg,MH 20 EE 7598
Cars112.jpg,SHAKNBK
Cars113.jpg,WaSHiNGTon
Cars114.jpg,CCGRAPHICS
Cars115.jpg,Ms66 YOB
Cars116.jpg,MK-35-32
Cars118.jpg,JA6Z UAR
Cars12.jpg,FHH12B67237
Cars120.jpg,B2228HM
Cars122.jpg,CENIsD
Cars123.jpg,HR 26 BC 5514
Cars125.jpg,RP
Cars126.jpg,KA
Cars128.jpg,AND
Cars129.jpg,OPEC Loi]
Cars13.jpg,208216
Cars130.jpg,HR 26 BR 9044
Cars131.jpg,CCGRAPHICS
Cars133.jpg,1268
Cars134.jpg,l9tLC
Cars135.jpg,LZob
Cars136.jpg,Ei544
Cars138.jpg,TN 02 BL
Cars14.jpg,ALR 486
Cars140.jpg,CHOIANOOoD
Cars143.jpg,pF 03348
Cars1432.jpg,AzIOlT
Cars144.jpg,PEN 15
Cars145.jpg,CHOIANOOoD
Cars147.jpg,KLO1CA2555
Cars148.jpg,MH 01 BB 550
Cars149.jpg,DVIGZ6]
Cars15.jpg,[id
Cars150.jpg,DL8CX 4850
Cars151.jpg,[EeczdEid
Cars152.jpg,DL49 AK49
Cars153.jpg,MH 208020
Cars154.jpg,Ka-09
Cars155.jpg,ELCB:025
Cars156.jpg,PRIV ATE
Cars157.jpg,~PTbs57
Cars158.jpg,COSTALRICA
Cars159.jpg,@LZC N 5617
Cars160.jpg,FWzpLaTECOH
Cars161.jpg,Ms66 YOB
Cars163.jpg,LR33EB
Cars164.jpg,GT
Cars165.jpg,1153
Cars166.jpg,IkA CaR
Cars167.jpg,15-LK-10898
Cars168.jpg,Li
Cars169.jpg,PRIV ATE
Cars17.jpg,YSx213
Cars171.jpg,208216
Cars172.jpg,#FC
Cars173.jpg,VIRGINIA
Cars175.jpg,In
Cars176.jpg,Tondrcaandieemme
Cars177.jpg,GOOD
Cars178.jpg,"522""922"
Cars179.jpg,4sz1590
Cars18.jpg,Ms66 YOB
Cars180.jpg,WaSHiNGTon
Cars181.jpg,HihAd
Cars182.jpg,VZLAF
Cars183.jpg,BRIT 0001
Cars185.jpg,Iez BO641
Cars186.jpg,26.SPF-4
Cars187.jpg,ALR 486
Cars189.jpg,CHOIANOOoD
Cars19.jpg,AFR: 2011
Cars190.jpg,KL54 4 2670
Cars191.jpg,KA 03 AB   3380
Cars192.jpg,E4 GLE
Cars193.jpg,Bez SD
Cars195.jpg,Cu'
Cars197.jpg,LR33EB
Cars198.jpg,Nho1av8866
Cars199.jpg,MHHO 1AE8O1Z]
Cars2.jpg,PREAINLF
Cars200.jpg,KA 03 AB   3380
Cars201.jpg,LR33EB
Cars202.jpg,KWID
Cars203.jpg,CZi7 Kod
Cars204.jpg,BYOND
Cars205.jpg,(noiacop
Cars206.jpg,HR 26 BU 0380
Cars207.jpg,K817@r
Cars208.jpg,V-8
Cars21.jpg,1RO
Cars210.jpg,MHHO 1AE8O1Z]
Cars211.jpg,65022
Cars212.jpg,KL 65 H4383
Cars213.jpg,DID
Cars2152.jpg,1086 H)
Cars2153.jpg,Ecu 5600
Cars2154.jpg,9789
Cars2155.jpg,7o_CH 9984
Cars216.jpg,OPEC Loi]
Cars217.jpg,AFR: 2011
Cars219.jpg,KA:03 MG
Cars22.jpg,MMA]
Cars220.jpg,P055565
Cars222.jpg,26.SPF-4
Cars223.jpg,TO ZE
Cars2232.jpg,MN6J
Cars2233.jpg,bo01
Cars225.jpg,JA6Z UAR
Cars226.jpg,19514523
Cars23.jpg,9214
Cars230.jpg,LR33EB
Cars231.jpg,GBIB TCE
Cars233.jpg,WPIC TCLJEO
Cars234.jpg,IMAU 555
Cars235.jpg,GJ03JLO126
Cars238.jpg,N
Cars239.jpg,15-LK-10898
Cars24.jpg,HR 26 BC 5514
Cars241.jpg,3SAM123
Cars242.jpg,PREAINLF
Cars243.jpg,Ka:03-MG . 2784
Cars245.jpg,HR 26 BR 9044
Cars246.jpg,TS@ IC &
Cars247.jpg,TN
Cars248.jpg,HH42 DE4433
Cars25.jpg,ByH ;' [361
Cars250.jpg,PGoMN12
Cars251.jpg,hLI
Cars252.jpg,DAN 54P
Cars2542.jpg,GOTZPOO 
Cars255.jpg,MH 20EJ 0364
Cars256.jpg,Md63 LBL
Cars257.jpg,OK LA
Cars258.jpg,Ka QIAC 5057
Cars259.jpg,MH 20 EE 7598
Cars26.jpg,LZob
Cars260.jpg,IVAU 5333
Cars262.jpg,ICTA KSy
Cars263.jpg,MH 02 CB
Cars264.jpg,FANu 2on0
Cars265.jpg,M:
Cars2662.jpg,1086 H)
Cars2663.jpg,Ecu 5600
Cars2664.jpg,9789
Cars2665.jpg,7o_CH 9984
Cars2672.jpg,4r722
Cars268.jpg,LUvS
Cars27.jpg,DZIZ YXR
Cars270.jpg,Iojezeul
Cars271.jpg,YES
Cars272.jpg,RXGL GDU
Cars273.jpg,BRIT 0001
Cars274.jpg,CENIsD
Cars275.jpg,IATMar
Cars276.jpg,CZi7 Kod
Cars278.jpg,48651
Cars279.jpg,0
Cars281.jpg,MH01 0B 0001
Cars284.jpg,Ka-09
Cars285.jpg,HR 26 BR 9044
Cars2862.jpg,MIDLYPH
Cars287.jpg,@LZC N 5617
Cars288.jpg,IATMar
Cars289.jpg,532h
Cars29.jpg,9214
Cars291.jpg,K4 024-6570
Cars292.jpg,KQ] 60 
Cars293.jpg,GBIB TCE
Cars294.jpg,01 Cc
Cars296.jpg,145
Cars297.jpg,IMAU 555
Cars298.jpg,AMBO
Cars299.jpg,SDN7484U
Cars3.jpg,DZIZ YXR
Cars30.jpg,50412340)
Cars300.jpg,LZob
Cars301.jpg,6526 JHD
Cars302.jpg,Jp06546 
Cars3022.jpg,KL OLCC 50
Cars303.jpg,KL54 4 2670
Cars304.jpg,Hychlz
Cars305.jpg,sgosi
Cars306.jpg,LAWYER
Cars307.jpg,M9O 60 90K
Cars308.jpg,HR 26 BC 5514
Cars309.jpg,Eab000]^
Cars31.jpg,Md63 LBL
Cars310.jpg,LGeT QiL
Cars3112.jpg,NAIAAL
Cars312.jpg,PUI8 _
Cars313.jpg,NBEYOND 
Cars314.jpg,6PIvz28
Cars316.jpg,Nhoz 
Cars317.jpg,HR 26 BC 5514
Cars318.jpg,ALR 486
Cars319.jpg,fALLYOU
Cars32.jpg,CENIsD
Cars320.jpg,Ka-09
Cars321.jpg,Jolrcin
Cars322.jpg,700
Cars323.jpg,TN99F2378
Cars324.jpg,VZLAF
Cars326.jpg,DL8CX 4850
Cars327.jpg,PGoMN12
Cars328.jpg,IMAU 555
Cars329.jpg,1GM
Cars33.jpg,AND
Cars3303.jpg,Lal7st
Cars332.jpg,DZIZ YXR
Cars333.jpg,MH 20EJ 0364
Cars334.jpg,E8 OLA
Cars335.jpg,(noiacop
Cars336.jpg,DL8CX 4850
Cars339.jpg,FWzpLaTECOH
Cars34.jpg,@LZC N 5617
Cars340.jpg,UXS4FuL
Cars341.jpg,TS@ IC &
Cars342.jpg,CENIsD
Cars343.jpg,Iskip GAs 
Cars344.jpg,GOOGLE
Cars345.jpg,"OHG Mout"""
Cars346.jpg,KA 03 AB   3380
Cars348.jpg,Eab000]^
Cars349.jpg,Y56EX
Cars35.jpg,KQ] 60 
Cars351.jpg,TghS
Cars353.jpg,KA 03 AB   3380
Cars355.jpg,BKTP- 665 
Cars356.jpg,Sa francecd
Cars357.jpg,KQ] 60 
Cars358.jpg,Pz62 FoX
Cars3582.jpg,PZ62 FDZ
Cars360.jpg,DJ
Cars361.jpg,WaSHiNGTon
Cars362.jpg,MIDLYPH
Cars363.jpg,HIn23
Cars364.jpg,[EeczdEid
Cars365.jpg,IIN2I BZ 0763
Cars366.jpg,MH 208020
Cars367.jpg,GOOGLE
Cars369.jpg,15-LK-10898
Cars37.jpg,FAST
Cars370.jpg,CHOIANOOoD
Cars371.jpg,E0
Cars372.jpg,HRZGCE 1L85
Cars373.jpg,TN21BC 6225
Cars374.jpg,S7 JpL
Cars375.jpg,Catmel & Dave
Cars376.jpg,B2228HM
Cars377.jpg,ByH ;' [361
Cars378.jpg,4a
Cars379.jpg,MhIL
Cars38.jpg,OHG BCKY
Cars380.jpg,CaI
Cars381.jpg,6520 89563
Cars382.jpg,CRAIG
Cars384.jpg,Ox
Cars385.jpg,Tondrcaandieemme
Cars3862.jpg,AB 44887
Cars387.jpg,HR26 4Z 5927
Cars388.jpg,54MR
Cars3892.jpg,AB 44887
Cars39.jpg,HH15BD8877
Cars391.jpg,BKHL + 3241
Cars392.jpg,KFLORIDDLCO'
Cars393.jpg,M:
Cars394.jpg,Mh i2 Mr 0u1]
Cars395.jpg,ICTA KSy
Cars3962.jpg,EREAP3R]
Cars397.jpg,9214
Cars398.jpg,0
Cars399.jpg,AND
Cars4.jpg,PUI8 _
Cars40.jpg,LZob
Cars400.jpg,Bez SD
Cars401.jpg,HR 26 BC 5514
Cars402.jpg,sgosi
Cars4032.jpg,Dof-RMl
Cars404.jpg,BMA
Cars405.jpg,Llc.3u87
Cars406.jpg,1268
Cars409.jpg,ERK9ZZAA
Cars41.jpg,(yntzdbg|
Cars410.jpg,FEB
Cars411.jpg,VIPER
Cars412.jpg,LR33EB
Cars414.jpg,DFUN
Cars415.jpg,MH1ZNE B922
Cars416.jpg,172
Cars417.jpg,BAD 231
Cars418.jpg,AND
Cars419.jpg,MhIL
Cars42.jpg,ByH ;' [361
Cars420.jpg,Iskip GAs 
Cars422.jpg,JhZOEE ?
Cars423.jpg,P3RV P
Cars424.jpg,KA:03 MG
Cars425.jpg,6526 JHD
Cars426.jpg,CRAIG
Cars427.jpg,01 Cc IA Q001
Cars428.jpg,DZIZ YXR
Cars429.jpg,KAISER
Cars43.jpg,MH 208020
Cars430.jpg,BcG =
Cars431.jpg,KL
Cars432.jpg,DL49 AK49
Cars45.jpg,HiNGROOT 
Cars46.jpg,MhIL
Cars48.jpg,ALR 486
Cars49.jpg,[izudl
Cars50.jpg,PUI8 _
Cars51.jpg,YES
Cars52.jpg,HH15BD8877
Cars53.jpg,chio OSE
Cars54.jpg,TH378
Cars55.jpg,9214
Cars56.jpg,KL
Cars57.jpg,BKHL + 3241
Cars58.jpg,MH01 0B 0001
Cars59.jpg,MXGbE
Cars6.jpg,802.LIN
Cars60.jpg,JS
Cars61.jpg,0
Cars62.jpg,HaTT UP
Cars63.jpg,Ta
Cars64.jpg,TAXI
Cars65.jpg,@r iNNIE|
Cars66.jpg,9214
Cars67.jpg,MAja BN 7077
Cars68.jpg,208216
Cars69.jpg,KWID
Cars7.jpg,AYSI 21]
Cars72.jpg,@LZC N 5617
Cars73.jpg,TN99F2378
Cars74.jpg,CZi7 Kod
Cars77.jpg,26CU6799
Cars78.jpg,KL54 4 2670
Cars79.jpg,LGeT QiL
Cars8.jpg,6526 JHD
Cars80.jpg,BAD 231
Cars82.jpg,WPIC TCLJEO
Cars83.jpg,Icoj 00l
Cars84.jpg,HR 26 BC 5514
Cars85.jpg,Vu6J GLY
Cars86.jpg,H
Cars872.jpg,ISlA
Cars88.jpg,4q9
Cars9.jpg,Nho1av8866
Cars91.jpg,[izudl
Cars92.jpg,N
Cars94.jpg,NBEYOND 
Cars95.jpg,N
Cars96.jpg,PGoMN12
Cars97.jpg,KA
Cars98.jpg,Acmin
Cars99.jpg,Ka-09
